Alternatives ETF List,35
Healthcare Equity ETF List,49
Developed Markets ETF List 1,100
Target Maturity Date Corporate Bond ETF List,24
Municipal Bond ETF List,29
Junk ETF List,43
Commodity ETF List,125
Volatility ETF List,18
Currency ETF List,36
Developed Markets ETF List 2,100
Financials Equity ETF List,51
Broad Asia ETF List,44
Preferred Stock ETF List,12
Energy Equity ETF List,80
Emerging Markets ETF List,79
Telecom Equity ETF List,10
Technology Equity ETF List,75
Consumer Staples Equity ETF List,26
Materials Equity ETF List,62
Real Estate ETF List,48
Utilities Equity ETF List,24
Consumer Discretionary Equity ETF List,31
Gold ETF List,17
Crude Oil ETF List,22