1,Alternatives ETF List,35
2,Healthcare Equity ETF List,49
3,Developed Markets ETF List,100
4,Target Maturity Date Corporate Bond ETF List,24
5,Municipal Bond ETF List,29
6,Junk ETF List,43
7,Commodity ETF List,125
8,Volatility ETF List,18
9,Currency ETF List,36
10,Developed Markets ETF List,100
11,Financials Equity ETF List,51
12,Broad Asia ETF List,44
13,Preferred Stock ETF List,12
14,Energy Equity ETF List,80
15,Emerging Markets ETF List,79
16,Telecom Equity ETF List,10
17,Technology Equity ETF List,75
18,Consumer Staples Equity ETF List,26
19,Materials Equity ETF List,62
20,Real Estate ETF List,48
21,Utilities Equity ETF List,24
22,Consumer Discretionary Equity ETF List,31
23,Gold ETF List,17
24,Crude Oil ETF List,22